{
  "tti": [
    3,
    4,
    5,
    6,
    7,
    8,
    9,
    10,
    11,
    12,
    13,
    14,
    15,
    16,
    17,
    18,
    19,
    20,
    21,
    22,
    23,
    24,
    25,
    26,
    27,
    28,
    29,
    30,
    31,
    32,
    33,
    34,
    35,
    36
  ],
  "alpha": [
    1.000100016593933,
    1.0001999139785767,
    1.0002998113632202,
    1.0003998279571533,
    1.0004997253417969,
    1.00059974193573,
    1.0007001161575317,
    1.0008004903793335,
    1.0009006261825562,
    1.001001000404358,
    1.0011014938354492,
    1.00120210647583,
    1.0013031959533691,
    1.001404047012329,
    1.001504898071289,
    1.0016058683395386,
    1.0017074346542358,
    1.001808524131775,
    1.0019094944000244,
    1.0020108222961426,
    1.0021121501922607,
    1.0022135972976685,
    1.0023151636123657,
    1.0024168491363525,
    1.002518653869629,
    1.0026203393936157,
    1.0027220249176025,
    1.0028234720230103,
    1.002925157546997,
    1.003027081489563,
    1.0031286478042603,
    1.0032304525375366,
    1.003332257270813,
    1.0034343004226685
  ],
  "loss_q": [
    0.1499025970697403,
    0.09638812392950058,
    0.05966833978891373,
    0.10997186601161957,
    0.06578843295574188,
    0.11592491716146469,
    0.10133680701255798,
    0.13036492466926575,
    0.09492689371109009,
    0.09934210777282715,
    0.10124083608388901,
    0.10476401448249817,
    0.09993212670087814,
    0.11716289073228836,
    0.0923134982585907,
    0.10902170836925507,
    0.15724480152130127,
    0.0734938234090805,
    0.11797130107879639,
    0.11107221990823746,
    0.13007047772407532,
    0.1263943910598755,
    0.13597939908504486,
    0.1246669590473175,
    0.13776327669620514,
    0.0943911150097847,
    0.10696151107549667,
    0.12093234062194824,
    0.07286497205495834,
    0.09581240266561508,
    0.1280001848936081,
    0.10877607762813568,
    0.09856057912111282,
    0.0960850715637207
  ],
  "loss_pi": [
    -1.3035054206848145,
    -1.2770321369171143,
    -1.2695168256759644,
    -1.277606725692749,
    -1.2648777961730957,
    -1.264005184173584,
    -1.3384358882904053,
    -1.330504059791565,
    -1.208282232284546,
    -1.3369780778884888,
    -1.3203577995300293,
    -1.3024448156356812,
    -1.3684499263763428,
    -1.2801928520202637,
    -1.2659761905670166,
    -1.3650481700897217,
    -1.377885341644287,
    -1.2321650981903076,
    -1.2916982173919678,
    -1.2889765501022339,
    -1.3169074058532715,
    -1.317362666130066,
    -1.3297916650772095,
    -1.307643175125122,
    -1.367784023284912,
    -1.2876172065734863,
    -1.2968220710754395,
    -1.269104242324829,
    -1.2967774868011475,
    -1.3243032693862915,
    -1.2882771492004395,
    -1.3121881484985352,
    -1.2950127124786377,
    -1.3354889154434204
  ]
}